wavelength_nm,ordinary,extraordinary
380,7.7237964021814963E-20,1.7652911322637037E-19
381,8.075494238315207E-20,1.8574108786813216E-19
382,8.4542615062767618E-20,1.9576605337708E-19
383,8.8330988080841873E-20,2.0579172948635011E-19
384,9.2390172539988033E-20,2.1581799557621498E-19
385,9.6179853029911494E-20,2.2557394115679885E-19
386,1.0024034751883848E-19,2.3533026711582341E-19
387,1.0430145022679034E-19,2.4454524851275678E-19
388,1.0836311693207348E-19,2.5321878324413199E-19
389,1.1215493773349677E-19,2.6135079340780454E-19
390,1.1621757704099355E-19,2.6894121925496316E-19
391,1.2001023386404563E-19,2.7571916406918452E-19
392,1.2380324959253925E-19,2.8168458285650047E-19
393,1.2759659868709219E-19,2.8683744219932372E-19
394,1.3111974609674396E-19,2.9117771732086146E-19
395,1.3464313551560663E-19,2.9443453087192454E-19
396,1.3789619828159571E-19,2.9687872686677583E-19
397,1.4114943316906802E-19,2.9823943659299026E-19
398,1.4440282850110103E-19,2.9851665445882467E-19
399,1.4738577178722264E-19,2.9798124007114669E-19
400,1.5009821062051374E-19,2.9636233569779794E-19
401,1.5281072618007104E-19,2.9393080785055495E-19
402,1.5525267622059117E-19,2.9041580790415202E-19
403,1.5769467145160815E-19,2.8608820980390575E-19
404,1.5959539816926625E-19,2.8094803259241572E-19
405,1.6122546918328481E-19,2.7526615233706747E-19
406,1.6285553094999345E-19,2.6931343957893152E-19
407,1.6394423957524271E-19,2.6281906837113754E-19
408,1.6476224398939922E-19,2.5632475115846004E-19
409,1.6530953543338893E-19,2.498305000354685E-19
410,1.6531543182748426E-19,2.430654999996184E-19
411,1.6532128302958453E-19,2.3657142901034744E-19
412,1.6505641381019933E-19,2.298066546850746E-19
413,1.6425015408841686E-19,2.2358364088512359E-19
414,1.6317318917241684E-19,2.1708996293666205E-19
415,1.6182553104287426E-19,2.1086724854849899E-19
416,1.6020719514921871E-19,2.0464471282067594E-19
417,1.583182007678484E-19,1.986931493327756E-19
418,1.5615857145881163E-19,1.9274179263276266E-19
419,1.5372833563642712E-19,1.867906694032376E-19
420,1.5075690698605975E-19,1.8083980909646788E-19
421,1.4778557985426458E-19,1.7515995773996078E-19
422,1.4427318027774835E-19,1.6948040302397331E-19
423,1.4076096324144496E-19,1.6380117921858436E-19
424,1.3670784006500878E-19,1.5839298248331802E-19
425,1.3292554231304337E-19,1.5298515193994585E-19
426,1.2860251273528014E-19,1.4757772666569062E-19
427,1.2455035878388952E-19,1.4217074942298658E-19
428,1.2022813645093557E-19,1.3676426700960191E-19
429,1.1563597452114441E-19,1.3162886163447709E-19
430,1.1131476612942046E-19,1.2622349384769102E-19
431,1.067237777309575E-19,1.2081878630696861E-19
432,1.0213347263043156E-19,1.1568522850235087E-19
433,9.7543909044971492E-20,1.1028200442510184E-19
434,9.2955149805672117E-20,1.0514998974196977E-19
435,8.809713261489935E-20,9.974855272803452E-20
436,8.3510251314565193E-20,9.4618396056558739E-20
437,7.8924399156052739E-20,8.9489275347258427E-20
438,7.4069732249139182E-20,8.4361287432731086E-20
439,6.9756131393081887E-20,7.9504573968484146E-20
440,6.5173907772556245E-20,7.4649065028198293E-20
441,6.0862784940386834E-20,7.006475641910959E-20
442,5.6822608735801313E-20,6.5751523533821505E-20
443,5.2783693837156213E-20,6.1439488568592624E-20
444,4.9015553826049336E-20,5.7398398405342053E-20
445,4.5248664981145526E-20,5.3358519244937217E-20
446,4.2021584702545901E-20,4.9589420175442276E-20
447,3.8795529975770777E-20,4.6090919439669564E-20
448,3.5839620557441053E-20,4.2862827509602711E-20
449,3.3153640506570846E-20,3.9904950185940845E-20
450,3.0737376452987896E-20,3.6947933742835716E-20
451,2.8321795811273515E-20,3.4260894006232447E-20
452,2.6444419797527487E-20,3.1843627971317591E-20
453,2.4567475111751996E-20,2.9427012358869501E-20
454,2.2959599758335118E-20,2.7548776133358076E-20
455,2.1620625064701623E-20,2.5670950449761094E-20
456,2.0281874002595802E-20,2.3793549483241843E-20
457,1.8943352504419778E-20,2.2453928210336734E-20
458,1.7873490875288573E-20,2.111452087281389E-20
459,1.7072163693680992E-20,1.9775333152843913E-20
460,1.62709051579253E-20,1.897344861311782E-20
461,1.5469716814918568E-20,1.7903114653049134E-20
462,1.493690353154828E-20,1.7101390587281177E-20
463,1.4404107157384948E-20,1.603129471916925E-20
464,1.3871328331762051E-20,1.4961343523858274E-20
465,1.3338567694389338E-20,1.442825359664353E-20
466,1.3342287947512698E-20,1.4163533097574261E-20
467,1.3614234428135338E-20,1.4703892256811917E-20
468,1.388617143725138E-20,1.4975878223438945E-20
469,1.3353305642681476E-20,1.3637619308071765E-20
470,1.2552241848847535E-20,1.2031339869869506E-20
471,1.2019439291934961E-20,1.0693655180303184E-20
472,1.2023013001876803E-20,9.8925647455254604E-21
473,1.2831191602457937E-20,9.8960286135956383E-21
474,1.3907733409712497E-20,1.0435849712703877E-20
475,1.4716132831789302E-20,1.178043763807822E-20
476,1.4451320691397792E-20,1.2588690004113031E-20
477,1.3918210657972457E-20,1.2055501087598311E-20
478,1.3385121726912008E-20,1.0717624483400906E-20
479,1.3656810845615009E-20,9.9163594153689308E-21
480,1.3928492741607291E-20,9.9196743018260401E-21
481,1.4736782420891878E-20,9.9229686722469311E-21
482,1.5276813202477535E-20,9.9262427119266357E-21
483,1.5816873546795789E-20,1.019769023277519E-20
484,1.635696313314028E-20,1.0469132140052657E-20
485,1.716550185549898E-20,1.0740568523181934E-20
486,1.8242592265662133E-20,1.101199947035014E-20
487,1.9051335666168166E-20,1.1551683236291848E-20
488,2.0128705169435276E-20,1.1823116489986323E-20
489,2.1206232085345037E-20,1.2362840196940749E-20
490,2.2283913301727374E-20,1.2902595844260508E-20
491,2.3361745764710584E-20,1.3442383090379363E-20
492,2.4708446949316465E-20,1.3982201597255402E-20
493,2.5786612782245741E-20,1.4790454145397557E-20
494,2.7133729129636293E-20,1.5330357531740664E-20
495,2.8481069981024626E-20,1.5870290962893613E-20
496,3.0097541529024948E-20,1.6678737562229121E-20
497,3.1445360375403365E-20,1.7218752715162885E-20
498,3.3062396161891375E-20,1.8027335833504005E-20
499,3.4679728607710922E-20,1.8836002174956298E-20
500,3.6297349272116558E-20,1.9644750461675514E-20
501,3.7915249943587376E-20,2.0453579434473537E-20
502,3.980263618479661E-20,2.1262487852552603E-20
503,4.1690385358387119E-20,2.2071474493243439E-20
504,4.3578485546471346E-20,2.3149275911057692E-20
505,4.5736299788989175E-20,2.3958445234440305E-20
506,4.7625115689513664E-20,2.4767688804001366E-20
507,4.978372294138128E-20,2.5845840833853976E-20
508,5.1942731431561645E-20,2.6924130957966848E-20
509,5.4371707641412472E-20,2.8002556455656579E-20
510,5.6531521369307934E-20,2.8812168411578379E-20
511,5.8961370861597621E-20,2.98908210804028E-20
512,6.1391655707350915E-20,3.0969601914574022E-20
513,6.3822357713910654E-20,3.2048508379628806E-20
514,6.625345942215508E-20,3.285846135417206E-20
515,6.8684944077727909E-20,3.3937578439890881E-20
516,7.138670507212501E-20,3.5016814443750353E-20
517,7.3818947620657948E-20,3.6096167005177595E-20
518,7.6521516317224305E-20,3.690643553842426E-20
519,7.9224482353372371E-20,3.7985983313976777E-20
520,8.1657757603114155E-20,3.9065641396888465E-20
521,8.4631533384010611E-20,4.0145407588918746E-20
522,8.7335583884891719E-20,4.095596800050152E-20
523,9.0310140609950576E-20,4.203591506757441E-20
524,9.3014864073834223E-20,4.311596442521631E-20
525,9.5990127331721894E-20,4.4196114026690105E-20
526,9.8695459298930218E-20,4.500694429571929E-20
527,1.016713615367391E-19,4.581782347097967E-20
528,1.0464757424406928E-19,4.689820883787207E-20
529,1.0762408143924059E-19,4.7709203327764683E-20
530,1.103304839484661E-19,4.852024414722988E-20
531,1.1330751064145096E-19,4.9331330555988658E-20
532,1.1601435967875728E-19,5.0142461824762998E-20
533,1.1872140518632347E-19,5.0684082769459813E-20
534,1.2169910766227941E-19,5.1495283131966626E-20
535,1.2413604839953415E-19,5.2036941230437713E-20
536,1.2684362854878735E-19,5.2578611387081505E-20
537,1.2928084842346369E-19,5.3120293459945076E-20
538,1.3198872712937709E-19,5.3661987308556328E-20
539,1.3442620073130339E-19,5.3934065172300161E-20
540,1.3686378561638556E-19,5.4206136648158644E-20
541,1.393014767926674E-19,5.4478201802212349E-20
542,1.4146868018453819E-19,5.4750260699792248E-20
543,1.4363595793045384E-19,5.5022313405489586E-20
544,1.4580330694157503E-19,5.5024707799336406E-20
545,1.4770010539556989E-19,5.5027089798810802E-20
546,1.4986757856615641E-19,5.5029459502406914E-20
547,1.5149384288955013E-19,5.5031817007658131E-20
548,1.5312013618497434E-19,5.5034162411148324E-20
549,1.5474645740104683E-19,5.476684746793102E-20
550,1.561021514396715E-19,5.4499525559102569E-20
551,1.5745785990029984E-19,5.4232196804963284E-20
552,1.5881358225824665E-19,5.369523467886578E-20
553,1.5962798209894665E-19,5.3158282514707599E-20
554,1.604423790271907E-19,5.2621340605173795E-20
555,1.6098610056097236E-19,5.2084409243813322E-20
556,1.6152981421439483E-19,5.1547488725064764E-20
557,1.6207352004046363E-19,5.074101558646282E-20
558,1.6234654072200581E-19,5.0204129377528981E-20
559,1.6234887333599674E-19,4.9397720973645037E-20
560,1.6208051780236986E-19,4.8591354941588935E-20
561,1.6181215158509289E-19,4.7515541116617389E-20
562,1.6100242811793292E-19,4.6709281103577238E-20
563,1.6046337163792222E-19,4.5633619635910759E-20
564,1.5965363944811663E-19,4.4827470097098326E-20
565,1.5857324039278946E-19,4.3482572962819452E-20
566,1.5722218660533616E-19,4.2407191676846862E-20
567,1.5560049379268353E-19,4.133190775880556E-20
568,1.5397882725516904E-19,4.025672325117556E-20
569,1.5208654899792108E-19,3.9181640230609525E-20
570,1.4992368376123732E-19,3.7837414399638994E-20
571,1.4776088098133966E-19,3.676257041221279E-20
572,1.4559814346271998E-19,3.5418656144882966E-20
573,1.4316487441907171E-19,3.434406222531491E-20
574,1.4046111235287648E-19,3.3269581823299249E-20
575,1.3775747439546098E-19,3.1926141135607233E-20
576,1.3478341013465815E-19,3.0851927512073124E-20
577,1.3180951494819001E-19,2.9777835057810525E-20
578,1.2856527740007118E-19,2.8434898865218755E-20
579,1.2532126700401015E-19,2.7361090842468533E-20
580,1.2207749720495562E-19,2.6018523841316469E-20
581,1.1829307571333631E-19,2.4945013044135195E-20
582,1.1450902898043638E-19,2.3871637353056893E-20
583,1.1099577606430735E-19,2.2798399448315621E-20
584,1.0694216333802877E-19,2.145657211544644E-20
585,1.0315940047921511E-19,2.0383656994432754E-20
586,9.9106837169802291E-20,1.9310888675562462E-20
587,9.5054875197916643E-20,1.8238270037269936E-20
588,9.10035578738709E-20,1.7165804006672661E-20
589,8.6952931545484628E-20,1.6362021433173566E-20
590,8.2903045808172347E-20,1.5558323107560654E-20
591,7.9123998382709691E-20,1.4754710349711873E-20
592,7.5075697400001069E-20,1.3682753151418032E-20
593,7.1298229584303794E-20,1.2879348593401792E-20
594,6.7521602732501852E-20,1.2076034100317957E-20
595,6.3745872696522114E-20,1.1541141950872833E-20
596,5.9971098945345054E-20,1.0737977390320574E-20
597,5.6736658045907545E-20,1.0203180180225709E-20
598,5.3233414406996657E-20,9.6684198957820549E-21
599,5.0000666598830353E-20,9.133697003717455E-21
600,4.6768802376265126E-20,8.599011973711212E-21
601,4.4076600527503082E-20,8.0643652784282667E-21
602,4.1385073378036254E-20,7.7979252606428596E-21
603,3.8694252494356208E-20,7.2633325427286468E-21
604,3.627332582631117E-20,6.7287793820323573E-21
605,3.3853020808166775E-20,6.4623737264260788E-21
606,3.1433363514184769E-20,6.1959719410575432E-21
607,2.9283320070037274E-20,5.6614907199576631E-21
608,2.7133827212453235E-20,5.3951091093715125E-21
609,2.5253707987605897E-20,5.1287317516570639E-21
610,2.3642783043465446E-20,4.5943246967979362E-21
611,2.1763507340362429E-20,4.3279684953784003E-21
612,2.0153324222798648E-20,4.3296262863878297E-21
613,1.8812062648249732E-20,4.0632670295508847E-21
614,1.7471051523604992E-20,3.7969125690483716E-21
615,1.6130296725190073E-20,3.5305630128537009E-21
616,1.5058218402153236E-20,3.5321909686482237E-21
617,1.3986307699286548E-20,3.2658389432732811E-21
618,1.318290333698422E-20,2.9994920885698624E-21
619,1.2111291413738537E-20,3.0010983608160207E-21
620,1.1308110466343937E-20,2.7347494544342171E-21
621,1.0505026405612488E-20,2.736341722821718E-21
622,9.7020406808730479E-21,2.4699910204113252E-21
623,9.1673137572621753E-21,2.4715694800209455E-21
624,8.3644923918915243E-21,2.4731414068954811E-21
625,8.0979813132809755E-21,2.20678207667504E-21
626,7.5633767436238307E-21,2.2083404800039936E-21
627,7.0288139147313749E-21,1.9419799507124157E-21
628,6.494293310111332E-21,1.9435250174583025E-21
629,6.2278386589607929E-21,1.9450637809182679E-21
630,5.6933785165247162E-21,1.9465962848363581E-21
631,5.4269471140818864E-21,1.9481225725934069E-21
632,5.1605213113053197E-21,1.9496426872106557E-21
633,4.8941012100735061E-21,1.6832540792863277E-21
634,4.6276869121071522E-21,1.6847613950921432E-21
635,4.3612785189745009E-21,1.6862626670968504E-21
636,4.362811329296657E-21,1.6877579369020508E-21
637,4.0964022470367169E-21,1.6892472457673776E-21
638,3.8299993164774774E-21,1.6907306346140977E-21
639,3.5636026383841094E-21,1.6922081440283006E-21
640,3.5651095031819767E-21,1.6936798142642503E-21
641,3.566610417409807E-21,1.6951456852476567E-21
642,3.3002070939225163E-21,1.6966057965789877E-21
643,3.3016956629903918E-21,1.6980601875365288E-21
644,3.3031784046226162E-21,1.6995088970797252E-21
645,3.0367688752964678E-21,1.7009519638521086E-21
646,3.0382395193570841E-21,1.7023894261845215E-21
647,2.7718304425547551E-21,1.7038213220982049E-21
648,2.7732891514199115E-21,1.7052476893076635E-21
649,2.5068807478256832E-21,1.7066685652237194E-21
650,2.5083276812323685E-21,1.4401853270140279E-21
651,2.5097690644715397E-21,1.4415947873290551E-21
652,2.5112049349348442E-21,1.4429988689287211E-21
653,2.5126353297148144E-21,1.4443976080238441E-21
654,2.5140602856078367E-21,1.4457910405359616E-21
655,2.5154798391170368E-21,1.4471792021002699E-21
656,2.7847593661233885E-21,1.7164640205137962E-21
657,3.0540482731804423E-21,1.7178422773931957E-21
658,3.5912536330851037E-21,1.9871317809448391E-21
659,3.5926540740430116E-21,2.2564306002727586E-21
660,3.3261411117362827E-21,2.2577945007709894E-21
661,3.0596353939424877E-21,1.7233039710164022E-21
662,2.7931370144907875E-21,1.7246567315686603E-21
663,2.7945151585691375E-21,1.4580989243899729E-21
664,3.0637714425573584E-21,1.4594412051054166E-21
665,3.0651399665989765E-21,1.7286851587379666E-21
666,3.3344012849168806E-21,1.7300181260735558E-21
667,3.6036721291943663E-21,1.7313462267929497E-21
668,3.605026710707573E-21,1.7326694930618199E-21
669,3.6063763638686356E-21,1.7339879567953159E-21
670,3.3398077714023386E-21,1.4673924988380021E-21
671,3.0732467734016461E-21,1.4687009483118246E-21
672,2.806693460853781E-21,1.4700046913816467E-21
673,2.5401479247184111E-21,1.4713037589711896E-21
674,2.541471398254654E-21,1.472598181765216E-21
675,2.5427901419973743E-21,1.7417996422176933E-21
676,2.2762420288975173E-21,1.7430853612680913E-21
677,2.0097019386473169E-21,1.4764538846842576E-21
678,2.0110056690929822E-21,1.4777300304424524E-21
679,2.0123047957902376E-21,1.4790016813218872E-21
680,2.013599348725235E-21,1.4802688666197239E-21
681,2.0148893576551063E-21,1.4815316154090977E-21
682,2.0161748521098785E-21,1.2148883460073594E-21
683,2.0174558613948146E-21,1.2161418236061922E-21
684,1.7508936992097103E-21,1.2173909523237654E-21
685,1.7521653301390915E-21,1.4865388192267519E-21
686,1.7534325642473727E-21,1.4877798138806964E-21
687,1.7546954299490007E-21,1.4890165418787108E-21
688,1.7559539554437212E-21,1.2223445389255113E-21
689,1.7572081687185188E-21,1.223572341795532E-21
690,2.0262997569844221E-21,1.224795961739171E-21
691,3.3669613885226338E-21,1.4939213354601488E-21
692,6.3160961928581544E-21,2.0309901758343132E-21
693,8.7304098787185059E-21,2.0322028046954294E-21
694,8.4634857331290707E-21,1.7654772155346923E-21
695,5.5156882033782374E-21,1.4987600305929409E-21
696,2.8373294757540783E-21,1.4999595744537687E-21
697,2.034934941487208E-21,1.5011551181522998E-21
698,1.7683065532965529E-21,1.5023466872547059E-21
699,1.7695191382109902E-21,1.2356246877129046E-21
700,1.7707277052605958E-21,1.2368079269749595E-21
701,1.7719322800246825E-21,1.2379872687544793E-21
702,1.7731328878935655E-21,1.2391627378581716E-21
703,1.774329554070015E-21,1.2403343589095414E-21
704,1.7755223035710814E-21,1.2415021563507235E-21
705,1.7767111612297371E-21,1.2426661544438497E-21
706,1.7778961516964733E-21,1.2438263772728539E-21
707,1.7790772994408897E-21,1.2449828487448558E-21
708,1.7802546287533335E-21,1.2461355925920435E-21
709,1.7814281637466191E-21,1.2472846323727289E-21
710,1.782597928357247E-21,1.2484299914734276E-21
711,1.7837639463472264E-21,1.2495716931099548E-21
712,1.7849262413057337E-21,1.2507097603291236E-21
713,1.7860848366501558E-21,1.2518442160101965E-21
714,1.787239755628142E-21,1.2529750828662949E-21
715,1.7883910213186505E-21,1.2541023834459675E-21
716,1.7895386566337479E-21,1.2552261401345781E-21
717,1.7906826843198038E-21,1.2563463751555799E-21
718,1.7918231269591565E-21,1.2574631105722346E-21
719,1.5251186771424034E-21,1.258576368288731E-21
720,1.5262515751079149E-21,1.2596861700516901E-21
721,1.5273809562143229E-21,1.2607925374514973E-21
722,1.5285068423926241E-21,1.2618954919238083E-21
723,1.797472343525674E-21,1.2629950547505486E-21
724,1.7985917411000272E-21,1.2640912470615816E-21
725,1.7997077072263272E-21,1.2651840898357738E-21
726,1.8008202632240431E-21,1.266273603902529E-21
727,1.8019294302609128E-21,1.2673598099429089E-21
728,1.8030352293540974E-21,1.2684427284908504E-21
729,1.5362919972121892E-21,1.2695223799346689E-21
730,1.5373906949149274E-21,1.270598784518091E-21
731,1.5384860881604973E-21,1.2716719623414691E-21
732,1.5395781973686372E-21,1.2727419333632871E-21
733,1.540667042815061E-21,1.2738087174009943E-21
734,1.5417526446324773E-21,1.2748723341325656E-21
735,1.810683255018784E-21,1.2759328030973184E-21
736,1.8117628495444621E-21,1.2769901436973976E-21
737,1.8128392587184181E-21,1.278044375198817E-21
738,1.8139125021218755E-21,1.2790955167325838E-21
739,1.5471326940842506E-21,1.2801435872958657E-21
740,1.5481992490673273E-21,1.2811886057531637E-21
741,1.5492626974510574E-21,1.282230590837362E-21
742,1.5503230582680395E-21,1.2832695611508623E-21
743,1.5513803504183101E-21,1.0163905749032866E-21
744,1.2845963733391851E-21,1.0174231721572396E-21
745,1.285647173578151E-21,1.0184528108518127E-21
746,1.5545340019085869E-21,1.019479509071192E-21
747,1.5555792057851136E-21,1.0205032847742571E-21
748,1.5566214335486687E-21,1.0215241557960335E-21
749,1.5576607033282243E-21,1.0225421398485252E-21
750,1.5586970331277662E-21,1.0235572545217726E-21
751,1.5597304408275541E-21,1.024569517284896E-21
752,1.5607609441851561E-21,1.2934974532942244E-21
753,1.5617885608363284E-21,1.2945044526467891E-21
754,1.5628133082960356E-21,1.2955086506683676E-21
755,1.5638352039596053E-21,1.2965100643609317E-21
756,1.5648542651035694E-21,1.2975087106105063E-21
757,1.565870508886656E-21,1.2985046061880051E-21
758,1.5668839523508553E-21,1.2994977677500144E-21
759,1.5678946124222447E-21,1.3004882118401045E-21
760,1.5689025059120358E-21,1.3014759548893637E-21
761,1.5699076495174026E-21,1.0345390485616793E-21
762,1.5709100598226614E-21,1.035521059667512E-21
763,1.5719097532998726E-21,1.0365004194140207E-21
764,1.5729067463099433E-21,1.3054002414213159E-21
765,1.5739010551035058E-21,1.3063747218665815E-21
766,1.5748926958218093E-21,1.3073465975502441E-21
767,1.5758816844975722E-21,1.30831588414255E-21
768,1.5768680370559525E-21,1.3092825972084989E-21
769,1.5778517693152961E-21,1.3102467522087887E-21
770,1.5788328969880664E-21,1.3112083645006019E-21
771,1.579811435681698E-21,1.3121674493383998E-21
772,1.5807874008994496E-21,1.3131240218749757E-21
773,1.5817608080412697E-21,1.0461516560730939E-21
774,1.5827316724044757E-21,1.0471028825708345E-21
775,1.5837000091848351E-21,1.0480516426011503E-21
776,1.5846658334770576E-21,1.0489979509115269E-21
777,1.5856291602759952E-21,1.0499418221517562E-21
778,1.5865900044770563E-21,1.3188115346902968E-21
779,1.5875483808772188E-21,1.3197509370084415E-21
780,1.5885043041758051E-21,1.3206879446772565E-21
